コード,ユニット,サブユニット,タイトル,説明,
ASAKA01,駐屯地、基地ツアー,朝霞駐屯地見学ツアー,朝霞駐屯地へようこそ！！,"ようこそ、朝霞駐屯地ツアーへ。このシリーズでは、首都圏にある朝霞駐屯地がどのような役割を担い、どんな部隊が活動しているのかを、順を追って紹介します。
駐屯地は英語ではCampと呼ばれ海上、航空自衛隊の「基地」（Base）に相当します。朝霞駐屯地は、陸上自衛隊の中でも特に重要な駐屯地で、全国規模の作戦を統括する陸上総隊司令部と、関東一円を担当する東部方面隊司令部という二つの司令部が置かれています。
敷地には司令部庁舎のほか、訓練場、自衛隊体育学校、広報施設「りっくんランド」などがあり、指揮・教育・広報が一体となって運用されています。このツアーでは朝霞駐屯地の役割と現在の活動、歴史、そして未来の役割まで幅広く見ていきましょう。",3級-軍事と戦略
ASAKA02,駐屯地、基地ツアー,朝霞駐屯地見学ツアー,どこにあって何がある？,"朝霞駐屯地は、東京都心からほど近い埼玉県朝霞市・和光市を中心とした一帯に広がります。アクセス性の良さから、首都圏防衛の中枢に非常に適した立地にあります。ここには、日本中の即応部隊を指揮する陸上総隊司令部と関東一円を統括する東部方面隊司令部とが並んで配置されており、全国へ、そして首都圏への二つの指揮機能が同居しています。さらに、作戦を支える通信・情報・施設科部隊、自衛隊体育学校、多目的に使われる朝霞訓練場広報施設「りっくんランド」、などが整備され、多機能な構成となっています。
    都市近郊であるため戦車や大型ミサイルなどの重量装備は置かれておらず、指揮・運用・通信といった“作戦の中枢を担う機能”が集中しています。朝霞は、位置・組織・設備の三拍子が揃った陸上自衛隊の重要拠点です。",3級-軍事と戦略
ASAKA03,駐屯地、基地ツアー,朝霞駐屯地見学ツアー,陸上総隊って何？,"陸上総隊は2018年に創設された、陸上自衛隊の全国作戦司令部です。従来、方面隊ごとに完結していた指揮体系を統合し、全国レベルの事態に迅速に対応するための司令部として設置されました。指揮下には、水陸機動団（日本版海兵隊とも）、空挺団、特殊作戦群、中央即応連隊、高射特科群、通信部隊など、日本でも最も即応性の高い精鋭部隊が配置されています。これらは特定地域に縛られず、必要な場所へ速やかに展開できる機動部隊であり、陸上総隊はその運用を常時統括しています。
    また、大規模災害や武力攻撃など、全国規模の事態には方面隊の上位に立って指揮を執ることもあります。司令部が朝霞に置かれていることで、東京周辺の行政との連携も迅速に行えるのも大きな特長です。朝霞駐屯地を語る上で、陸上総隊の存在は欠かせません。",3級-軍事と戦略
ASAKA04,駐屯地、基地ツアー,朝霞駐屯地見学ツアー,東部方面隊とは？,陸上総隊と同じく朝霞に司令部を置く東部方面隊は、関東地方を中心とする広大な地域の防衛と災害対応を担う「地域司令部」です。担当区域は東京都・神奈川・埼玉・千葉を軸に、新潟県、長野県、静岡県の一部を含む、人口が最も密集したエリアです。そのため、首都直下地震への備えや警備行動、重要施設防護など、多岐にわたる任務を抱えています。指揮下には、練馬の第1師団、群馬の第12旅団をはじめ、通信・施設・後方支援などの各種部隊が配置され、強固な防衛網を形成しています。朝霞の司令部は、これらの部隊の情報を集約し、作戦を統合する「地域の頭脳」として機能しています。さらに近年では、多国間共同訓練や災害派遣における調整の役割も大きくなっており、東部方面隊は地域安全保障の中核となっています。,3級-軍事と戦略
ASAKA05,駐屯地、基地ツアー,朝霞駐屯地見学ツアー,朝霞に駐屯する部隊,"朝霞駐屯地には、戦闘部隊よりも“司令部を支える専門部隊”が多く配置されています。全国の作戦を扱う陸上総隊が置かれているため、情報・通信・サイバー防護・電子戦といった現代戦の中枢機能を担当する部隊が集まっており、朝霞は陸上自衛隊の技術・情報面のハブとなっています。一方、関東一円を担当する東部方面隊所属の部隊としては、施設科、後方支援、衛生、会計、警務、音楽隊など、地域の作戦運用を支える多様な部隊もここに駐屯しています。近年では偵察や警備を担う機動部隊も加わり、役割がさらに広がっています。 
また、自衛隊体育学校や輸送学校、中央音楽隊など教育・広報機関も併設されており、朝霞は“司令部・専門技術・教育”の三つの機能がそろう、陸上自衛隊でも特徴的な駐屯地です。",3級-軍事と戦略
ASAKA06,駐屯地、基地ツアー,朝霞駐屯地見学ツアー,朝霞駐屯地の活動,"朝霞駐屯地では、全国と関東一円の作戦を担う司令部が置かれているため、日々多様な活動が行われます。司令部の幕僚たちは作戦計画の立案や状況監視、他部隊との調整にあたり、通信・情報・サイバーの部隊はネットワーク監視や情報分析を常時行っています。   
一方、朝霞訓練場では基礎訓練、車両教習、屋内射撃、軽戦技訓練など実動的な訓練も行われています。中央観閲式の会場として知られる広場では、隊列・式典訓練が行われることもあります。偵察・施設・後方支援など各部隊も、自らの専門領域に応じた訓練や整備作業を進めています。
また、自治体との防災訓練や広報イベントへの参加を通じて地域とも結びつき、災害時には迅速な派遣の準備を整えています。指揮の静と訓練の動が共存する点が、朝霞駐屯地ならではの特徴です。",3級-軍事と戦略
ASAKA07,駐屯地、基地ツアー,朝霞駐屯地見学ツアー,りっくんランドの紹介,"朝霞駐屯地に隣接する広報センター「りっくんランド」は、自衛隊を身近に感じられる体験型の施設です。戦車や装甲車、ヘリコプターの実物大模型、最新装備の展示など、普段は触れられない装備品を間近に見ることができます。制服試着体験や、重量ある装備を実際に持ってみるコーナー、シミュレーターを使った体験など、子どもから大人まで楽しめる内容が充実しています。
館内の展示では、災害派遣の記録、海外派遣での活動、日本の安全保障の仕組みなどが紹介され、自衛隊の役割を“体験しながら理解できる”工夫が凝らされています。イベントが行われる日には、隊員との交流やミニ演奏会、特別展示が開催されることもあります。
気軽に立ち寄れる広報施設として、朝霞駐屯地とはまた違った視点から自衛隊を知ることができる人気スポットです。実際に現地を訪れると、装備や活動がより立体的に理解できるでしょう。",3級-軍事と戦略
ASAKA08,駐屯地、基地ツアー,朝霞駐屯地見学ツアー,朝霞駐屯地の歴史,"朝霞駐屯地には、戦前・戦後・現代の三つの時代が折り重なっています。1941年（昭和16年）には、若い士官候補生を養成する陸軍予科士官学校（振武臺）が移設され、多くの学生がここで軍事教育を受けました。終戦後は米軍が進駐し、広大な「キャンプ朝霞」として利用されます。1960年にその一部が自衛隊へ返還され、現在の朝霞駐屯地として再スタートしました。1964年東京オリンピックでは射撃競技の公式会場となり、訓練場の一部が国際舞台として活用された歴史もあります。
現在では陸上総隊と東部方面隊の司令部が置かれ、日本の安全保障の中枢として機能しています。戦前の面影と、戦後の変遷、現代の役割が一つの場所に重なる、独特の歴史を持つ駐屯地です。",3級-軍事と戦略
ASAKA09,駐屯地、基地ツアー,朝霞駐屯地見学ツアー,これからの朝霞駐屯地,"朝霞駐屯地は今後、陸上自衛隊の中でも特に重要な拠点として、さらに進化していくでしょう。全国の即応部隊を統括する陸上総隊が置かれていることから、朝霞はこれまで以上に全国規模の作戦調整や危機対応の中心となります。電子戦・サイバー防護・情報収集といった新領域の部隊も拡充されており、現代の安全保障環境に対応した多次元の指揮中枢としての役割が強まっています。
訓練面でも、朝霞訓練場を活用した指揮所演習、軽戦技訓練、多国間共同訓練の増加が見込まれています。また、首都圏に位置する特徴を生かし、災害時の迅速な対処や自治体との連携体制もさらに整備されるでしょう。
司令部、専門部隊、教育機関が集まる朝霞は、今後も陸上自衛隊の未来をつくる場所として役割を深めていくと期待されています。",3級-軍事と戦略
ASAKA10,駐屯地、基地ツアー,朝霞駐屯地見学ツアー,練馬駐屯地も見ておこう,朝霞が指揮機能の集積地であるのに対し、練馬駐屯地は“実際に行動する部隊”が配置された拠点です。ここには第1師団司令部と第1普通科連隊があり、市街地戦闘、警備行動、災害派遣など首都圏の現場で動く実力部隊が日々訓練を続けています。都市部に位置するため重量級装備はなく、高機動車や軽装甲機動車など、迅速な展開力に優れた装備が使われています。また、通信・施設・後方支援などの要素部隊も配置され、普通科部隊を後方から支えています。練馬を知ることで、朝霞の“司令部としての役割”と、現場で働く部隊の関係がより立体的に理解できます。朝霞が“頭”なら、練馬は“腕”として機能し、両者が連携することで首都圏防衛は成り立っているのです。,3級-軍事と戦略
YOKO01,駐屯地、基地ツアー,横須賀基地見学ツアー, 横須賀基地へようこそ！,"横須賀基地へようこそ！
ここは東京湾の入り口という地政学的に極めて敏感かつ重要な位置にあり、現代のインド太平洋地域における安全保障の要石として機能しています。日本の海上防衛の中枢である海上自衛隊と、アメリカ海軍の前方展開戦略の核心である米海軍基地が、融合した世界でも類を見ない場所です。
約160年前に幕末の徳川幕府がフランスの技術を導入して建設した「横須賀製鉄所」をルーツに持ち、歴史的な石造ドックが今なお現役で最新鋭の艦艇を支えています。港内には日本の平和を守る護衛艦と、世界有数の戦力を持つ米第7艦隊の艦艇が並び、日米同盟が最も具体的に可視化されています。
本ツアーを通じて、この風景が日本の安全保障や世界の安定とどう繋がっているのか、その歴史と機能の深層を一緒に探究していきましょう 。",3級-軍事と戦略
YOKO02,駐屯地、基地ツアー,横須賀基地見学ツアー,どこにあって何がある？,"横須賀基地は東京湾の入口近く、首都圏の海の玄関を守る軍港です。港を挟んで西側が海上自衛隊、東側が在日米海軍という“向かい合わせ”の構造が最大の特徴で、天然の良港と幕末以来の造船・修理の歴史が今も土台になっています。
海自側は吉倉桟橋を中心に護衛艦が係留され、補給・整備や基地業務を担う部隊が集まります。船越地区には自衛艦隊の指揮施設が置かれ、作戦の「頭脳」として機能します。東西の中間の楠ヶ浦は潜水艦、田浦は教育・医療など、地区ごとに役割が分かれます。
米軍側には多数の桟橋と複数のドライドックが並び、巨大ドックは原子力空母の入渠にも対応します。住宅・病院・学校・商業施設まで備え、基地の中に“街”があるのも横須賀らしさです。見学では、港の両岸に艦艇が並ぶ理由を地図で確かめてみましょう。ヴェルニー公園から全体像が見渡せます。ぜひ。",3級-軍事と戦略
YOKO03,駐屯地、基地ツアー,横須賀基地見学ツアー,横須賀基地の役割とは？,"横須賀基地は、日本の防衛において海上自衛隊の中枢的拠点です。首都圏に最も近い大規模軍港として、護衛艦や潜水艦が常時展開できる体制を維持し、領海警備、シーレーン防護、弾道ミサイル防衛など日本防衛の実動部隊を支えています。特に自衛艦隊司令部が置かれている点で、横須賀は海自全体の作戦を統括する「頭脳」の役割を担っています。
一方、米軍から見た横須賀は、西太平洋における最重要の海軍拠点です。沖縄には大規模な海軍軍港はなく、空母や多数の水上戦闘艦を常時受け入れられるのは横須賀だけです。そのため第7艦隊の司令部や空母打撃群が置かれ、アジア太平洋全域への即応展開が可能になります。
横須賀基地は、日本防衛の中核であると同時に、米海軍の前方展開拠点として日米同盟を実戦レベルで支える、極めて重い役割を担っているのです。",3級-軍事と戦略
YOKO04,駐屯地、基地ツアー,横須賀基地見学ツアー,海上自衛隊の中枢・横須賀,"海上自衛隊にとって横須賀は「海自の首都」とも呼ぶべき最重要拠点です。2020年には船越地区に最新鋭の「海上作戦センター」が完成し、自衛艦隊司令部や護衛艦隊司令部といった作戦指揮の頭脳がここに集約されました。これにより、全国の艦艇や航空部隊へ即時に指示を出す体制が整い、米軍との緊密な共同作戦指揮も円滑に行えるようになっています。
また、横須賀地方総監部は岩手県から三重県までの広大な太平洋岸地域の防衛・警備を担当し、沿岸防備や災害派遣、基地業務を指揮しています。現場の実力部隊だけでなく、後方の整備補給、さらには技術教育を担う術科学校や医療を担う病院まで、あらゆる機能がこの地に集積しています。海自創設の地の一つでもある横須賀は、鎮守府以来の伝統を継承しつつ、常に日本の海上防衛の進化をリードし続けているのです 。",3級-軍事と戦略
YOKO05,駐屯地、基地ツアー,横須賀基地見学ツアー,横須賀に配備される艦艇,"横須賀には海上自衛隊の最新鋭かつ強力な艦艇が集結しています。その象徴が、全通甲板を持つ海自最大の艦艇である護衛艦「いずも」です
。現在はF-35B戦闘機の運用を可能にするための「空母化」改修が進められており、艦首形状が四角形に変更されるなど、日本の航空優勢確保の切り札へと進化を遂げています。 
加えて、弾道ミサイル防衛の中核を担うイージス艦「まや」や、世界最高水準の隠密性を誇る最新鋭の「たいげい型」潜水艦部隊もここを母港としています。
さらに、従来の護衛艦と掃海艇の機能を併せ持つステルス艦「もがみ型」などの新世代艦も配備され、また南極観測船「しらせ」などが横須賀を基盤に活躍する例もあります。まさに日本の海軍力のショーケースといえます。これらの多彩な艦艇が連携し、首都圏をはじめとする日本の空と海を日夜守っているのです。",3級-軍事と戦略
YOKO06,駐屯地、基地ツアー,横須賀基地見学ツアー,港とドックのしくみ,"横須賀の港を支えるのは、160年の歴史を持つドック群です。1871年に完成した「1号ドック」は日本最古の石造りドライドックであり、近代化産業遺産としての価値を持ちながら今なお現役で艦艇整備に使用されています。これらはフランス人技師ヴェルニーの指導により造られたもので、横須賀が近代工廠の街として発展した原点です。
一方、米軍エリアの「6号ドック」は1940年に完成した巨大施設で、かつて戦艦「大和」級の超大型館にも対応できる規模で造られました。このドックの存在こそが、戦後に米海軍が原子力空母を収容できる拠点として横須賀を維持し続ける決定的な要因となりました。
古い歴史的遺産と最新の運用機能が同じ港に共存し、日米の艦艇が肩を並べて入渠する姿は、横須賀基地が持つ唯一無二の技術的・歴史的連続性を物語っています。",3級-軍事と戦略
YOKO07,駐屯地、基地ツアー,横須賀基地見学ツアー,日米同盟と横須賀基地,"横須賀基地は日米安全保障条約に基づく同盟関係が最も具体的に現れている現場です。ここでは単に二つの海軍が隣り合っているのではなく、施設や補給機能、情報の共有といった高度な「相互運用性」が確立されています。例えば、海自の艦艇が米軍のドックで修理を受けたり、燃料や部品を融通し合う枠組みが日常的に機能しています。
近年では、自衛艦隊と米第7艦隊の司令部が近接している利点を活かし、共同作戦指揮やホットラインを通じた緊密な意思疎通が行われています。 
また、日米のイージス艦がネットワークで結ばれ、弾道ミサイル防衛において重層的な「盾」を形成しているのも大きな特徴です。この一体となった統合抑止の態勢こそが、地域の不安定要因に対する強力なメッセージとなり、日本の平和と世界の安定を支える基盤となっているのです。",3級-軍事と戦略
YOKO08,駐屯地、基地ツアー,横須賀基地見学ツアー,米海軍横須賀基地とは？,"米海軍横須賀基地（CFAY/U.S.
  Fleet Activities Yokosuka）は、アメリカ本土以外で唯一原子力空母を母港とする、米海軍最大かつ戦略的に最も重要な海外基地です。第7艦隊の指揮中枢である旗艦「ブルー・リッジ」を筆頭に、約10隻のイージス駆逐艦を擁する第15駆逐隊などが配備され、西太平洋からインド洋にわたる広大な海域の安定を担っています。
基地内は約2万人以上の軍人や家族が暮らす完結したコミュニティであり、独自の学校、病院、商業施設が並ぶ「アメリカの街」そのものです
。また、日本人従業員が約2,500名働く艦船修理廠（SRF）の高度な技術力は、米軍艦艇の迅速な整備に不可欠な要素となっています。日本の技術力と米軍の運用能力が高度に融合している点が、他の海外基地にはない横須賀の強みと言えるでしょう 。",3級-軍事と戦略
YOKO09,駐屯地、基地ツアー,横須賀基地見学ツアー,横須賀基地の歴史,"横須賀基地の歴史は幕末・明治期に始まります。江戸幕府末期に造船所の建設が進み、1871年（明治4年）に石造1号ドックが完成すると、日本はここを軍港として整備しました。1884年には東海鎮守府が移転して横須賀鎮守府が設置され、日清・日露戦争期を通じて帝国海軍の重要拠点として機能しました。太平洋戦争中も造船・修理の中心であり、戦後は連合軍に接収されます。
    1952年に海上自衛隊が発足すると、横須賀に横須賀地方隊が編成され、旧海軍施設の一部を使用して再駐留を開始しました。米海軍は基地を西側に整備し、冷戦期以降、横須賀は日米同盟の重要な海上戦略拠点へと変貌しました。1973年には航空母艦が常駐する母港となり、以後原子力空母の前方展開基地として現在に至ります。この長い歴史は、旧軍港から現代の日米共同拠点への継承と変革の軌跡を語っています。",3級-軍事と戦略
YOKO10,駐屯地、基地ツアー,横須賀基地見学ツアー,これからの横須賀基地,"横須賀基地は、変化する安全保障環境に合わせてさらなる進化を続けています。2025年以降の最大の注目点は、護衛艦「いずも」が戦闘機F３５Bの発着・運用に対応する点です。2027年度までに、日米の護衛艦と空母による共同作戦が可能となることで、太平洋側での防空能力や島嶼防衛の能力は次元の異なる段階へと移行します。
また、ステルス性を極限まで高めた新型護衛艦の増勢や、米海軍が進める無人水上艇（USV）の試験運用など、最新の無人兵器が港内に浮かぶ光景も日常となっていくでしょう。 
厳しい国際情勢の中でも、横須賀は歴史ある施設と最新の軍事技術、そして日米の絆を融合させ、自由で開かれたインド太平洋を守るための「結節点」として、これからも平和への責任を果たし続けます。今後も横須賀基地は、平時・有事を問わず多様な役割を果たし続けるでしょう。",3級-軍事と戦略
YOKO11,駐屯地、基地ツアー,横須賀基地見学ツアー,【名所】タケルとサクラの原点：走水神社（上）,"横須賀市の東端、東京湾に面した静かな高台に走水神社は鎮座しています。現在は桜の名所としても知られ、落ち着いた参拝地ですが、その立地は古代から近代まで一貫して「海の要衝」でした。眼下に広がる浦賀水道は、日本列島の東西を結ぶ重要な海上交通路であり、古代の東国遠征から近代の軍港・横須賀へと続く歴史の舞台でもあります。
神社の周辺には砲台跡や旧軍施設が点在し、近くには防衛大学校もあります。これは偶然ではなく、この地が常に国の防衛と深く関わってきた証と言えるでしょう。走水神社は、現代の横須賀基地と同じ海を見つめながら、日本の防衛の原点に思いを巡らせることができる、特別な場所なのです。",3級-軍事と戦略
YOKO12,駐屯地、基地ツアー,横須賀基地見学ツアー,【名所】タケルとサクラの原点：走水神社（下）,"走水神社に祀られているのは、東国平定に向かった英雄・日本武尊と、その妃である弟橘媛です。古事記・日本書紀によれば、荒れる海を前に弟橘媛は自ら海に身を投じ、夫と国の進路を救いました。この自己犠牲の物語は、古くから日本人の心に深く刻まれてきました。
日本武尊は「日本の海軍の始まり」とも言われる存在で、未知の海を越え、国を広げた象徴的な英雄です。一方、弟橘媛命は支える者の覚悟と献身を体現しています。この二人の姿は、タケルとサクラという本プロジェクトのマスコットにも重ねられています。横須賀を訪れた際には、ぜひ立ち寄り、この物語に思いを馳せてみてください。過去と現在をつなぐ静かな時間が、きっと得られるはずです。",3級-軍事と戦略
IRUMA01,駐屯地、基地ツアー,入間基地見学ツアー,入間基地へようこそ！,"埼玉県の武蔵野台地に広がる、航空自衛隊入間基地へようこそ。ここは平時に約４５００名もの隊員が勤務する、東日本最大の補給と輸送の拠点です。総面積は約３・２平方キロメートルに及び、東京ドームに換算すると約６８個分もの広さを持っています。
今回のツアーでは、普段は立ち入ることのできないフェンスの向こう側へとご案内します。入間基地の大きな特徴は、実は戦闘機が１機も配備されていないことです。 それなのに、なぜこれほど多くの隊員が集まっているのでしょうか。
その理由は、ここが航空自衛隊のロジスティクス、つまり兵站の中枢だからです。 前線で戦う部隊を後ろから支える、巨大な物流の要。その役割と仕組みを、一緒に探究していきましょう。",3級-軍事と戦略
IRUMA02,駐屯地、基地ツアー,入間基地見学ツアー,どこにあって何がある？,"入間基地があるのは、埼玉県の狭山市と入間市にまたがる場所です。 入間基地と呼ばれていますが、実は入間市には１５パーセントしかなく、残りの大部分は狭山市に位置しています。 こうした名前と実態のズレも、この基地の面白い特徴の一つです。
周辺は地盤が固く平坦な武蔵野台地で、古くから航空基地に適した場所として利用されてきました。 西武池袋線の稲荷山公園駅が敷地のすぐ近くにあり、電車のホームから基地が見えるほど街と隣り合っています。
敷地の中央には、長さ２０００メートルの滑走路が１本伸びています。 その端には「１７」や「３５」という数字が大きく書かれています。 これは滑走路が向いている「１７０度」と「３５０度」の方角を意味する、航空界の独特なルールです。",3級-軍事と戦略
IRUMA03,駐屯地、基地ツアー,入間基地見学ツアー,空自最大の補給・輸送ハブ,"入間基地に戦闘機はいません。 それなのに空自最大の拠点となっているのは、ここが航空自衛隊の兵站、つまり物資の補給と輸送の中枢だからです。
基地内には、全国の部隊へ燃料や医療品、航空機の部品などを届ける第３補給処と第４補給処が置かれています。 いわば自衛隊専用の巨大な物流センターです。ここで厳重に管理された装備品が、日本各地の基地へと日々送り出されています。
これらの物資や隊員を、実際に空から運ぶのが第２輸送航空隊の役割です。 滑走路の脇には大型の輸送機が並び、国内の定期便だけでなく、大規模な災害時の緊急輸送や、海外への国際緊急援助活動といった任務を担っています。
必要なものをそろえ、迅速に届ける。入間は、日本の防衛を根底から支える要の拠点です。",3級-軍事と戦略
IRUMA04,駐屯地、基地ツアー,入間基地見学ツアー,C-1からC-2へ——輸送機の世代交代,"入間基地の空を長く支えてきた、初の国産ジェット輸送機「Ｃ－１」が、２０２５年３月にすべての運用を終了しました。 約５５年にわたり活躍し、緑の迷彩柄の機体は入間の象徴として親しまれました。
現在、その後を継いで主力となっているのが、新しい国産輸送機「Ｃ－２」です。 機体は大幅に大型化し、輸送できる能力が大きく向上しました。 最大の積載量はＣ－１の約８トンから、Ｃ－２では約３０トンへと増えています。
これにより、従来は運べなかったペトリオットシステムや大型車両なども、解体せずにそのまま空輸できるようになりました。
さらに航続距離も約４倍に伸び、国際緊急援助の際にはハワイまで給油なしで飛行できます。 日本の空輸能力は、今、大きな世代交代を迎えています。",3級-軍事と戦略
IRUMA05,駐屯地、基地ツアー,入間基地見学ツアー,縁の下の力持ち——飛行点検隊と補給処,"入間基地には、陸海空の自衛隊を通じてここにしか存在しない、唯一の専門部隊があります。それが「飛行点検隊」です。
彼らの任務は、日本全国の自衛隊飛行場にある無線施設が、正しい電波を出しているかを空から検査することです。 専用の 飛行点検機を運用し、すべての自衛隊機が安全に離着陸するためのインフラを日夜維持しています。
また入間には、情報戦や電子戦の核となる電子飛行測定隊や電子戦隊も置かれています。 なお、丸いレーダーを載せた「Ｅ－２早期警戒機」が入間に常駐していると誤解されることがありますが、あちらは青森県の三沢基地などに所属する機体です。
電波という目に見えない領域から、日本の航空防衛の安全を支える組織が、この地に集まっています。",3級-軍事と戦略
IRUMA06,駐屯地、基地ツアー,入間基地見学ツアー,首都の空を誰が守る？——横田空域という現実,"入間基地には、首都圏をはじめ東日本の空の防衛を担う「中部航空方面隊司令部」が置かれています。日本の空を守る、まさに中枢のひとつです。
ところが、その空には知られざる事実があります。入間基地を含む関東一円の上空には、「横田空域」と呼ばれる広大な空域が広がっています。東京・埼玉・神奈川など1都8県にまたがり、南北およそ300キロメートル、高度7000メートルにまで及ぶ、巨大な階段状の空間です。
この空域の管制を行っているのは、日本ではなく、在日米軍です。終戦後から続くこの仕組みのため、羽田を発つ旅客機の多くは、空域を避けて東京湾上空で旋回し、高度を上げてから西へ向かいます。
日本側は返還を求め、これまで一部が返還されてきました。首都の空がどのように成り立っているのか——意外と知られていない現実です。",3級-軍事と戦略
IRUMA07,駐屯地、基地ツアー,入間基地見学ツアー,中部航空方面隊という守り,"入間基地には、首都圏を含む東日本一帯の防空をまとめる、中部航空方面隊の司令部が置かれています。 その防衛を受け持つ範囲は、北は山形県から西は島根県や高知県までにおよび、日本の人口や経済が集中する一都二府二十三県という広大なエリアをカバーしています。
この広い地域において、地上からの迎撃を担当するのが中部高射群です。 入間基地にはその部隊の指揮所があり、敷地内には地対空誘導弾ペトリオット、いわゆる「ＰＡＣ－３」のシステムが配備されています。
これは、周辺国からミサイルなどの攻撃があった際、首都圏への着弾を最後の段階で迎え撃つための装備です。 ２４時間体制での警戒監視を絶やすことなく、常に空をにらみ続けています。
地上から空を守るシステムによって、首都圏の安全を支える盾の役割を果たしているのです。",3級-軍事と戦略
IRUMA08,駐屯地、基地ツアー,入間基地見学ツアー,入間基地の歴史——修武台からジョンソン基地へ,"入間基地の歴史は、１９３８年に現在の場所へと移転してきた、旧日本陸軍の航空士官学校から始まります。 １９４０年には本格的な飛行場が完成し、翌年には昭和天皇から「修武臺」という名を授けられました。 太平洋戦争の終戦までに、約７０００名もの航空士官候補生がここから大空へと巣立っていったのです。
戦後は一転して連合国軍に接収され、「ジョンソン基地」と改称されました。 １９５０年に始まった朝鮮戦争の際には米軍の重要な作戦拠点となり、不足する住宅を補うために周辺へ米軍ハウスが整備されました。
その後、段階的に日本への移管が進み、１９５８年に航空自衛隊の入間基地が開設されます。 そして１９７８年にすべての敷地が全面返還され、現在の姿となりました。
旧陸軍から米軍、自衛隊へと受け継がれた歴史が、この地に深く刻まれています。",3級-軍事と戦略
IRUMA09,駐屯地、基地ツアー,入間基地見学ツアー,入間航空祭——日本最大級の航空ショー,"毎年１１月３日の文化の日に開催される「入間航空祭」は、日本最大級の来場者数を集める航空イベントです。 この日は基地が一般に開放され、入場無料で様々な航空機や地上装備を間近で見学することができます。
秋晴れとなった２０２５年度の開催時には、約２６万人もの多くの観客が基地へと詰めかけました。 これは国内の航空ショーのなかでも最大級の動員数です。 人気の理由は、巨大な首都圏に立地していること、そして西武線の稲荷山公園駅から徒歩ですぐにアクセスできるという高い利便性にあります。
多くのファンが楽しみにしているのが、ブルーインパルスによる展示飛行です。 青と白の機体が一糸乱れぬ隊形を組み、大空に白いスモークで大きなハートや星を描き出します。
一般の人々と自衛隊を結ぶ、開かれた広報の舞台となるのです。",3級-軍事と戦略
IRUMA10,駐屯地、基地ツアー,入間基地見学ツアー,これからの入間基地,"入間基地は、新しい機体の導入や機能の強化によって、その役割を変化させ続けています。
輸送の面ではＣ－２への移行が完了し、物資の大量輸送や島嶼部への緊急展開能力が向上しました。 さらに、最新の電波情報収集機「ＲＣ－２」も配備され、現代の防衛に求められる電磁波領域での情報収集能力を強化しています。
災害への備えとしては、２０２２年に敷地内で「自衛隊入間病院」が開院しました。 この病院は大規模災害が発生した際、全国から空輸されてくる傷病者を受け入れる医療ハブとなります。 通常は６０ある病床を、壁面に埋め込まれた酸素バルブなどを活用して、２倍の１２０床へと緊急増床できる特別な設計が特徴です。
空の輸送力と医療のハブ機能を組み合わせ、入間基地は時代に応じた進化を続けています。",3級-軍事と戦略
IRUMA11,駐屯地、基地ツアー,入間基地見学ツアー,【名所】ジョンソンタウンと稲荷山公園,"入間基地のフェンスの外側にも、基地の歴史と深く結びついた散策の場所が広がっています。
基地の北側に隣接する「狭山稲荷山公園」は、かつて米軍ジョンソン基地の将校用住宅やゴルフ場があった場所です。 日本への返還後に整備され、園内には米軍時代から残るアカマツの並木が今も静かに佇んでいます。
近くにある「ジョンソンタウン」も、当時の記憶を伝えるエリアです。 朝鮮戦争の時期に建てられた、白い板壁の米軍ハウスが２３棟残り、アメリカの郊外のような街並みが広がっています。 現在はお洒落なカフェやショップが並び、歴史遺産を壊さずに再生した街として、２つの大きな賞も受けました。
基地とともに歩んできた入間の歴史は、今もこうした日常の風景の中に溶け込んでいます。",3級-軍事と戦略
HEI01,陸上自衛隊の基礎,兵科,部隊の種類とは？,"部隊にはさまざまな役割があります。前線で敵に立ち向かう兵士、大砲で後方から支援する兵士、戦車で突破口を開く兵士もいれば、橋を架け道を整える工兵、食料や弾薬を運ぶ補給部隊、通信や医療を担当する支援部隊もいます。これらが力を合わせることで軍隊は機能します。こうした役割ごとの区分を軍隊では「兵科」と呼びます。自衛隊もこの考え方を用い、普通科、特科、機甲科、施設科、後方支援部隊などに分けられています。英語では
  “branch” または “arm” と表現され、Infantry Branch（歩兵）、Artillery
  Branch（砲兵）などと呼ばれます。普段は耳にしない言葉ですが、兵科の理解は軍隊の全体像をつかむ第一歩になります。",3級-軍事と戦略
HEI02,陸上自衛隊の基礎,兵科,普通科（歩兵）,"普通科は、陸上自衛隊の中心を担う兵科で、一般には歩兵と呼ばれます。地上を進んで敵に接近し、直接戦うのが最大の任務です。普通科は人数が最も多く、あらゆる状況に対応できる柔軟さを持ちます。基本装備は小銃ですが、近年では軽装甲機動車や装甲車を使って部隊を素早く動かし、携帯式ミサイルや迫撃砲を組み合わせて火力を強化しています。都市部や山岳、災害現場など幅広い場所で活動できるのも特徴です。災害派遣の場面では、被災者の救助や物資輸送を行うため、国民にとって最も身近な存在といえるでしょう。英語では
  “infantry” と呼ばれ、世界の軍隊に共通する基本部隊です。普通科を理解することは、軍隊全体を学ぶ第一歩になります。",3級-軍事と戦略
HEI03,陸上自衛隊の基礎,兵科,特科（砲兵）,"特科は、大砲やロケットを使って遠距離から火力支援を行う兵科です。一般には砲兵と呼ばれ、歩兵や戦車が前進する際に後方から攻撃して援護します。敵の拠点や陣地を弱らせることで、味方が有利に戦える状況をつくり出します。近代以降の戦争では「砲兵は戦場の神」と言われるほど重要であり、その伝統は今も受け継がれています。陸上自衛隊でも長距離射程の火砲や多連装ロケットを装備し、遠隔から精密な攻撃を行える体制を整えています。さらに対艦ミサイル部隊も特科に含まれ、日本周辺の島嶼防衛にも大きな役割を果たしています。英語では
  “artillery” と呼ばれ、世界各国の軍隊に共通する主要兵科の一つです。",3級-軍事と戦略
HEI04,陸上自衛隊の基礎,兵科,機甲科（戦車部隊）,"機甲科は、戦車を中心に編成された部隊で、強力な火力と防御力、そして機動力を兼ね備えています。厚い装甲で乗員を守り、大口径の主砲で敵陣を撃破し、歩兵や砲兵と連携して突破口を切り開くのが役割です。戦車は第二次世界大戦以降の地上戦において主役となり、現代でもなお重要な戦力です。陸上自衛隊では74式、90式、最新の10式戦車が運用され、電子装備によって高い命中精度と情報共有能力を備えています。機甲部隊は広い平野や開けた地形で力を発揮し、敵の防御を一気に崩す「矛」として機能します。英語では
  “armor” または “armored branch” と呼ばれ、各国軍の主力兵科の一つに数えられます。",3級-軍事と戦略
HEI05,陸上自衛隊の基礎,兵科,施設科（工兵）,"施設科は、軍隊が活動するための道を切り開く兵科で、一般には工兵と呼ばれます。橋を架けたり、障害物を除去したり、道路を整備したりして、部隊の移動や補給を可能にするのが主な任務です。戦場では敵の妨害を取り除き、味方が前進できるように環境を整えます。逆に防御の際には、地雷や障害物を設置して敵の進撃を遅らせる役割も担います。陸上自衛隊の施設科は、重機や架橋装備を駆使し、災害派遣では道路復旧や倒壊物の除去に活躍します。そのため「戦場の土木屋」と呼ばれることもあり、軍事と民生の両方で欠かせない存在です。英語では
  “engineers” または “combat engineers” と呼ばれ、各国軍で共通する重要な兵科とされています。",3級-軍事と戦略
HEI06,陸上自衛隊の基礎,兵科,後方支援（補給・輸送・整備・衛生）,"軍隊は戦闘部隊だけでは機能しません。弾薬や食料を届ける補給、車両や装備を直す整備、部隊を動かす輸送、そして負傷者を救う衛生。これらを総称して「後方支援」と呼びます。陸上自衛隊には、需品科（補給）、輸送科、衛生科、武器科といった職種があり、それぞれ専門の技術と装備を備えています。例えば補給部隊は燃料や弾薬を絶え間なく前線に送り、整備部隊は故障した戦車や火砲を修理し、再び戦える状態に戻します。輸送部隊は物資や人員を安全に運び、衛生部隊は野戦病院を展開して治療や後送を行います。これらが機能しなければ戦闘部隊は数日で力を失うため、後方支援は「戦闘力の生命線」といえる存在です。英語では
  “logistics” と総称されます。",3級-軍事と戦略
ORG01,陸上自衛隊の基礎,陸自の組織と編成,陸上自衛隊の全体像,"陸上自衛隊は約15万人の隊員を擁する日本最大の防衛組織です。全体の指揮系統はピラミッド状になっており、頂点には防衛大臣、そして統合幕僚長、統合作戦司令官がいます。その下で軍事的な専門トップとして組織を管理するのが「陸上幕僚監部」であり、いわば陸自の頭脳となります。
実働部隊は大きく二つに分かれています。一つは、日本を5ブロックに分けて地域防衛を担う「方面隊」です。もう一つは、全国へ迅速に展開する機動部隊を束ねる「陸上総隊」です。有事には総隊が陸自全体を統合し、統合作戦司令官の指揮のもとで陸海空連携の作戦を一元的に担います。
最前線を支えるため、隊員を育成する教育機関や後方支援組織も存在します。統合運用というシステムの中で、頭脳、地域防衛、機動展開、支援組織が緊密に連携し、巨大な陸自が一体となって国を守っているのです。",3級-軍事と戦略
ORG02,陸上自衛隊の基礎,陸自の組織と編成,全国を守る５つの方面隊,"陸上自衛隊は、南北に長い日本列島を守るため、全国を5つのブロックに分けて「方面隊」を配置しています。北海道の「北部」、東北地方の「東北」、関東・甲信越の「東部」、東海から四国までを含む「中部」、そして中国・九州・沖縄を担当する「西部」の5つの方面隊です。   
  それぞれが管轄地域の防衛や災害対応に責任を持ちます。最大の特徴は、地域の特性に合わせて編成が異なる点です。例えば、広大な北海道を守る北部方面隊は戦車などの重装備を多く持ち、島々が連なる西部方面隊は海や空からの展開に対応した部隊が充実しています。   
  各方面隊のトップである「方面総監」は、平時から地域の知事や自治体と連携を深めています。いざという時には即座に部隊を動かし、それぞれの持ち場から日本全土をパズルのように隙間なく守り固めているのです。",3級-軍事と戦略
ORG03,陸上自衛隊の基礎,陸自の組織と編成,作戦の基本「師団・旅団」,"方面隊の下に配置され、独立して作戦を行うための基本単位となるのが「師団」と「旅団」です。師団は約6,000〜8,000人、旅団はその半分程度の人数で構成されており、日本全国に15個が配置され、それぞれが担当する県や地域を持っています。   
  これら最大の強みは「諸職種連合」という仕組みです。普通科（歩兵）や機甲科（戦車）などの戦闘部隊だけでなく、通信、施設、補給、衛生といったあらゆる専門兵科が一つのグループにまとまっています。そのため、外部からの支援を待つことなく、自分たちだけで自己完結して長期間戦ったり、災害派遣活動を行ったりすることができます。   
  隊員たちはそれぞれ専門の部隊に所属しますが、師団や旅団という「あらゆる機能が揃った巨大なチーム」の一員として連携することで、複雑な任務を達成できるのです。",3級-軍事と戦略
ORG04,陸上自衛隊の基礎,陸自の組織と編成,連隊から小隊までの階層,"師団や旅団の下に配置され、特定の地域や任務の要となるのが「連隊（れんたい）」です。約1,000人規模で編成され、作戦を遂行する上での中心的なまとまりとなります。連隊はさらに細かく分かれ、数百人規模の「大隊」または「中隊」へと続きます。
中隊の下には数十人で構成される「小隊」、さらに数人から十数人の「班」という最小単位へと細分化されていきます。新しく入隊した若い隊員にとって、最も身近な生活と訓練の基盤となるのが、この中隊から班に至る小さなグループです。
隊員たちは、顔の見える範囲の上官から直接の指揮を受け、仲間と固い絆を結びながら日々の厳しい訓練を重ねます。巨大な陸上自衛隊の作戦も、最後はこうした小さなチームの強い信頼関係とチームワークの積み重ねによって実行されているのです。",3級-軍事と戦略
ORG05,陸上自衛隊の基礎,陸自の組織と編成,即応展開する精鋭部隊,"陸上自衛隊には、地域ごとの守りを固める部隊とは別に、有事の際に全国どこへでも真っ先に駆けつける機動性の高い精鋭部隊が存在します。これらは陸上総隊の指揮下に置かれ、極めて専門的で特殊な任務を遂行するための部隊です。
代表的なものとして、パラシュート降下により空から目標地域へ展開する「第1空挺団」や、海から島嶼部へ上陸して奪還作戦を行う日本版海兵隊ともいえる「水陸機動団」が挙げられます。また、対テロ作戦や高度な特殊任務を専門とする「特殊作戦群」のような部隊も存在します。
通常の隊員よりもさらに過酷で厳しい訓練を乗り越えた者だけが所属できるこれらの部隊は、現代の複雑化する安全保障環境において、最も困難な任務をいち早く遂行する切り札として、日本の防衛に欠かせない役割を担っています。",3級-軍事と戦略
DEP01,陸上自衛隊の基礎,国内の配備と役割,全国に広がる駐屯地,"陸上自衛隊の駐屯地は、北は北海道から南は沖縄まで、全国に約160カ所も存在します。なぜこれほど細かく分散しているのでしょうか。最大の理由は、南北に細長い日本列島のどこで有事や大規模災害が起きても、すぐさま部隊が駆けつけられるようにするためです。
それぞれの駐屯地は、その地域の地形や気候を熟知した隊員たちが日々の訓練を行う拠点です。特に自然災害の多い日本では、駐屯地が各地にあることで、被災地への迅速な人命救助や物資輸送が可能になっています。
また、駐屯地は地域社会と密接に結びついています。隊員たちは防衛という大きな任務を担いながらも、普段は地域行事への参加や防災訓練を通じて地元住民と協力し合っています。全国の駐屯地は、地域に寄り添いながら国を守る「安心の拠点」として機能しているのです。",3級-軍事と戦略
DEP02,陸上自衛隊の基礎,国内の配備と役割,かつての「北の防壁」,"現在でこそ全国に機動的に部隊を展開する陸上自衛隊ですが、かつての配備は全く異なる姿をしていました。冷戦時代、最大の軍事的な脅威は北の超大国であるソビエト連邦だったためです。万が一、ソ連軍が日本に侵攻してくるとすれば、そのルートは北海道であると想定されていました。
この「北からの脅威」を食い止めるため、陸上自衛隊は戦車や大砲といった重装備や精鋭部隊の多くを北海道に集中配備しました。広大な大地を利用して大規模な戦闘訓練が行われ、北海道はまさに日本を守るための巨大な「防壁」としての役割を担っていたのです。
時代が変わり冷戦が終結すると、この北に偏った重装備の配置は見直されることになります。しかし、この時代に北海道で培われた過酷な雪中戦や大規模部隊を運用するノウハウは、今の隊員たちにもしっかりと受け継がれています。",3級-軍事と戦略
DEP03,陸上自衛隊の基礎,国内の配備と役割,南西シフトという転換,"冷戦が終結すると、日本の安全保障を取り巻く環境は大きく変化しました。北からの脅威が減少した一方で、周辺国の活発な海洋進出などにより、九州から沖縄へと連なる「南西諸島」の防衛が喫緊の課題となったのです。
この新たな事態に対応するため、陸上自衛隊は大きな決断を下しました。防衛の重心を北海道から南西方面へと一気に移す「南西シフト」と呼ばれる戦略的な配置転換です。戦車などの重装備を削減する代わりに、機動力の高い車両やミサイルを増強し、部隊のあり方を根本から見直しました。
この劇的なシフトは現在も進行中です。かつて北の大地を守るため重厚に構えていた陸上自衛隊は、今や美しい海に浮かぶ数多くの島々を守り抜く機動的な体制へと、その組織の姿を大きく変容させているのです。",3級-軍事と戦略
DEP04,陸上自衛隊の基礎,国内の配備と役割,島々を守るミサイルの壁,"「南西シフト」を最も象徴するのが、これまで自衛隊の部隊が配置されていなかった空白地域への新たな展開です。近年、与那国島、宮古島、奄美大島、そして石垣島に新しい駐屯地が次々と開設されました。
これらの駐屯地には、周辺の海や空を警戒監視する部隊だけでなく、他国の艦艇を狙う「地対艦ミサイル部隊」や、空からの脅威に備える「地対空ミサイル部隊」が配備されています。点在する島々に拠点を置くことで、日本の南西地域に強力なミサイルの網、いわば「見えない防壁」を築いているのです。
これにより、他国の軍隊が日本の領海や領空に容易に接近することを強く牽制できます。最前線となる島々の新しい駐屯地は、地元住民に安心をもたらすとともに、日本全体の平和を維持する最重要拠点として機能しています。",3級-軍事と戦略
DEP05,陸上自衛隊の基礎,国内の配備と役割,全国から駆けつける機動力,"防衛の重心が南西諸島に移ったとはいえ、すべての部隊を限られた広さの島々に常駐させることは不可能です。そこで現代の陸上自衛隊が最も重視しているのが、いざという時に全国の部隊を必要な場所へ一気に移動させる「機動展開能力」です。
事態が発生すれば、北海道や本州など全国の駐屯地にいる隊員たちが即座に出動します。そして、民間フェリーや海上自衛隊の輸送艦、輸送機などを駆使して、数千キロ離れた最前線へ装備とともに駆けつけるのです。この「動く防衛力」こそが現代の要となります。
普段は地域に密着して全国に分散配置されながらも、有事には一つの大きな力となって特定の地域に集中する。これが、約15万人の隊員と全国約160の駐屯地を機能させる、現代の陸上自衛隊の最も洗練された配備の姿なのです。",3級-軍事と戦略
KAN01,海上自衛隊の基礎,艦種の違い,海自の主力「護衛艦」,"海上自衛隊の主役は「護衛艦」です。国際的な分類では「駆逐艦（Destroyer）」にあたります。かつての駆逐艦は艦隊を守る小さなボディーガードでしたが、現代では高性能なレーダーや多数のミサイルを積むことで巨大化し、防空から潜水艦への対処まで1隻でこなせる万能艦へと進化しました。
護衛艦には目的によって様々な形があります。強力なレーダーで敵の弾道ミサイルを撃ち落とす「イージス艦」や、多数のヘリコプターを搭載できる巨大な「いずも」型などです。これらはかつての巡洋艦を凌ぐ大きさですが、大きさではなく「敵の攻撃から国や味方を守り抜く」という役割を受け継いでいるため、護衛艦と呼ばれています。
周囲を海に囲まれた日本にとって、海の安全は国の生存に直結します。多様な護衛艦がチームを組み、日本の領海や大切な海の道（シーレーン）を日夜守り抜く、海上防衛の要なのです。",3級-軍事と戦略
KAN02,海上自衛隊の基礎,艦種の違い,海の忍者「潜水艦」,"護衛艦が海上の主役なら、海中の主役は「潜水艦」です。最大の武器である「隠密性」の理由は極めてシンプルで、レーダーなどに使われる「電波」が海中では届かないからです。ひとたび深く潜ってしまえば、どんなハイテク機器を使っても、その姿を見つけ出すことは非常に困難になります。
電波が使えない海中での戦いは「音」がすべてです。自らは徹底して音を消し、相手の出す音を「ソナー」で探り当てます。海上自衛隊の潜水艦は通常動力型としては世界トップクラスの静粛性を誇り、長期間にわたって海中に潜み、密かに警戒監視の任務を遂行し続けます。
他国からすれば「どこに日本の潜水艦が潜んでいるか分からない」こと自体が脅威であり、これが日本への接近をためらわせる強力な牽制（抑止力）となります。誰の目にも触れることなく日本の海を守り抜く、まさに現代の「海の忍者」と呼べる戦略的な存在です。",3級-軍事と戦略
KAN03,海上自衛隊の基礎,艦種の違い,艦隊を支える多様な艦艇,"戦闘を直接担う護衛艦や潜水艦の陰で、作戦全体を支える重要な艦艇があります。代表的なのが「掃海艇（そうかいてい）」です。海に仕掛けられた爆弾である「機雷」を見つけ出し、安全な航路を切り開く危険な任務を担います。海自の機雷排除能力は世界最高水準とされています。
また、遠方の作戦を支える「補給艦」も欠かせません。洋上で走りながら護衛艦に燃料や食料を補給し、艦隊が長期間海にとどまることを可能にします。さらに、戦車や陸上自衛隊の隊員たちを大量に運ぶ「輸送艦」は、島嶼防衛や大規模災害の派遣で大きな力を発揮します。
華やかな戦闘艦だけでなく、危険な機雷の排除や、燃料と物資の輸送といった地道な「後方支援」があってこそ、艦隊は初めてその力を存分に発揮できます。これらの艦艇は、作戦を成功に導く縁の下の力持ちなのです。",3級-軍事と戦略
KAN04,海上自衛隊の基礎,艦種の違い,空から海を守る航空部隊,"海上自衛隊と聞くと船を連想しますが、実は世界有数の「航空部隊」を持っています。広大な海を守るには、船のレーダーだけでは限界があり、空からの「目」が不可欠だからです。その主役となるのが、海中に潜む敵の潜水艦を探し出す「哨戒機（しょうかいき）」や「哨戒ヘリコプター」です。
特に国産のP-1哨戒機は、空から音波探知機を海に投下し、見えない潜水艦を正確に追い詰める高い能力を持っています。また、海上自衛隊は戦闘機を持っていませんが、航空自衛隊との統合運用が進んでいます。
現在、最大の護衛艦「いずも」型を改修し、有事の際には航空自衛隊の最新ステルス戦闘機F-35Bを発着艦させる計画が進行中です。船と飛行機、そして海自と空自が一体となって、日本の空と海を立体的に守り抜く新時代に突入しているのです。",3級-軍事と戦略
ORG21,海上自衛隊の基礎,海自の組織と編成,自衛艦隊と地方隊,"海上自衛隊の組織は、大きく二つの柱で成り立っています。一つは、日本の周辺海域から海外まで広く活動する機動部隊の「自衛艦隊」です。自衛艦隊は、護衛艦、潜水艦、そして航空機を一つの指揮下におさめ、有事には最前線で作戦を遂行する海自の主力部隊となります。
もう一つの柱が、全国を5つの区域に分けて沿岸の防備を担う「地方隊」です。地方隊は、担当する海域のパトロールや機雷の排除を行うだけでなく、港の維持、燃料や弾薬の補給、隊員の生活支援といった重要な「基地業務」を一手に引き受けています。
つまり、自衛艦隊という最前線で戦う巨大な「矛」を、地方隊という「盾と土台」がしっかりと支える構造になっています。この二つが車の両輪として機能することで、日本の広い海を守る作戦が途切れることなく実行できるのです。",3級-軍事と戦略
ORG22,海上自衛隊の基礎,海自の組織と編成,護衛隊群というチーム,"自衛艦隊の中核となるのが「護衛隊群」という作戦の基本単位です。海自の護衛艦は約50隻ありますが、そのうち最新鋭の大型艦ばかりを集めたエース部隊がこの護衛隊群です。横須賀や呉など4カ所を拠点にし、それぞれ8隻の護衛艦で構成される「8隻×4つ＝計32隻」の強力な機動部隊です。
このチーム編成は非常に合理的です。多数のヘリを積める護衛艦を中心に、敵のミサイルを撃ち落とすイージス艦、そして潜水艦を探す能力に優れた汎用護衛艦が組み合わされ、互いの弱点を補い合います。
護衛隊群が海外など遠方の最前線へ展開している間、残りの十数隻の護衛艦が日本近海のパトロールや沿岸警備を引き受けます。この「最前線のエース部隊」と「近海を守る部隊」の2段構えで、日本の海は守られているのです。",3級-軍事と戦略
ORG23,海上自衛隊の基礎,海自の組織と編成,フネの中の階層・役割,"1隻の護衛艦は、それ自体が独立した「ひとつの町」であり、精巧な組織です。トップである艦長の指揮のもと、隊員たちは専門の役割（科）に分かれています。船の進路を決め操縦する「航海科」、ミサイルやレーダーなどを扱う「砲雷科」、エンジンや発電機を動かす「機関科」などが代表的です。
また、長期間の洋上生活を支えるため、食事を作る調理員や、経理・衛生を担当する隊員も欠かせません。最新鋭のシステムを搭載した巨大な機械を動かすには、こうした各部門のプロフェッショナルたちが歯車のように完璧に噛み合う必要があります。
海の上では常に危険と隣り合わせのため、隊員たちは交代制（ワッチ）で24時間休むことなく勤務します。全員が自分の役割を確実に果たす強いチームワークがあってこそ、過酷な任務を遂行できるのです。",3級-軍事と戦略
DEP21,海上自衛隊の基礎,国内の配備と役割,日本を守る5大基地,"海上自衛隊は、日本列島を取り囲む海を隙間なく守るため、全国に5つの主要な基地を置いています。神奈川県の「横須賀」、広島県の「呉」、長崎県の「佐世保」、京都府の「舞鶴」、青森県の「大湊」です。これらが海自の活動を支える重要な基盤となります。
なぜこの5カ所なのでしょうか。地図を見ると一目瞭然ですが、これらは東京湾や瀬戸内海への入り口、あるいは大陸と向き合う日本海や津軽海峡といった、海上交通や防衛の「急所（チョークポイント）」にあたる港町だからです。
各基地には地方隊が置かれ、そこを母港とする艦艇や潜水艦が配備されています。この5つの拠点が全国のネットワークを結ぶことで、南北に長い日本の周辺海域を24時間体制で監視し、日本の海を守っています。",3級-軍事と戦略
DEP22,海上自衛隊の基礎,国内の配備と役割,太平洋側の防衛線,"5大基地のうち、太平洋側に位置する「横須賀」と「呉」は、海上自衛隊の運用と後方支援を支える中核的な拠点です。どちらも天然の良港であり、古くから日本の海防を担ってきた歴史を持っています。
首都の海の玄関口である横須賀の最大の特徴は、アメリカ海軍の第7艦隊がともに拠点を置いている点です。日米の艦艇が同じ港を共有し、日常的に連携を深めることで、強固な日米同盟を象徴する重要な基地となっています。
一方の呉は、潜水艦部隊の主力拠点であると同時に、艦艇の修理や補給、さらには隊員を育成する教育機関が集まっています。太平洋に向けて部隊を送り出し、整備や物資の面から背後でしっかりと支える、西日本の防衛の要石です。",3級-軍事と戦略
DEP23,海上自衛隊の基礎,国内の配備と役割,日本海・東シナ海の最前線,"太平洋側とは対照的に、大陸や朝鮮半島と直接向き合う「佐世保」「舞鶴」「大湊」の各基地は、常に高い緊張感に包まれた警戒監視の最前線です。ここは他国の艦艇が太平洋へ抜けるための通り道に面しています。
特に長崎県の佐世保は、東シナ海から南西諸島にかけての防衛を担う要衝です。護衛艦や水陸両用作戦を支援する艦艇が配備されており、近年活発化する他国の海洋進出に即座に対応する西側の最前線として重要な役割を持っています。
京都府の舞鶴と青森県の大湊は、日本海や北方の海域を睨む拠点です。弾道ミサイルの警戒や、海峡を通過する他国艦艇の監視を地道に24時間体制で行っています。これら最前線の基地の着実な活動で、日本の海は守られています。",3級-軍事と戦略
AIR01,航空自衛隊の基礎,機種の違い,空自の主役「戦闘機」,（準備中）このカードは現在作成中です。,3級-軍事と戦略
AIR02,航空自衛隊の基礎,機種の違い,空を守る目「早期警戒機」,（準備中）このカードは現在作成中です。,3級-軍事と戦略
AIR03,航空自衛隊の基礎,機種の違い,空の輸送を担う「輸送機」,（準備中）このカードは現在作成中です。,3級-軍事と戦略
AIR04,航空自衛隊の基礎,機種の違い,地上を守る「地対空ミサイル」,（準備中）このカードは現在作成中です。,3級-軍事と戦略
ORG41,航空自衛隊の基礎,空自の組織と編成,航空自衛隊の全体像,（準備中）このカードは現在作成中です。,3級-軍事と戦略
ORG42,航空自衛隊の基礎,空自の組織と編成,航空方面隊という地域の守り,（準備中）このカードは現在作成中です。,3級-軍事と戦略
ORG43,航空自衛隊の基礎,空自の組織と編成,基地と飛行隊の仕組み,（準備中）このカードは現在作成中です。,3級-軍事と戦略
DEP41,航空自衛隊の基礎,空自の配備と役割,日本の空を守る基地の配置,（準備中）このカードは現在作成中です。,3級-軍事と戦略
DEP42,航空自衛隊の基礎,空自の配備と役割,スクランブル発進という最前線,（準備中）このカードは現在作成中です。,3級-軍事と戦略
DEP43,航空自衛隊の基礎,空自の配備と役割,防空識別圏と領空侵犯対処,（準備中）このカードは現在作成中です。,3級-軍事と戦略
CMD01,組織と指揮系統,階級と役割,自衛隊の階級ってどうなってる？,（準備中）このカードは現在作成中です。,3級-軍事と戦略
CMD02,組織と指揮系統,階級と役割,幹部・准曹・士の違い,（準備中）このカードは現在作成中です。,3級-軍事と戦略
CMD03,組織と指揮系統,階級と役割,階級と責任の関係,（準備中）このカードは現在作成中です。,3級-軍事と戦略
CMD11,組織と指揮系統,指揮命令系統と統合運用,誰が自衛隊に命令するのか,（準備中）このカードは現在作成中です。,3級-軍事と戦略
CMD12,組織と指揮系統,指揮命令系統と統合運用,統合幕僚監部と統合作戦司令部,（準備中）このカードは現在作成中です。,3級-軍事と戦略
CMD13,組織と指揮系統,指揮命令系統と統合運用,方面隊・艦隊・航空方面隊という中間司令部,（準備中）このカードは現在作成中です。,3級-軍事と戦略
CMD14,組織と指揮系統,指揮命令系統と統合運用,陸海空が一つになる統合運用,（準備中）このカードは現在作成中です。,3級-軍事と戦略
CMD21,組織と指揮系統,東日本大震災・統合運用の実際,10万人が動いた日,（準備中）このカードは現在作成中です。,3級-軍事と戦略
CMD22,組織と指揮系統,東日本大震災・統合運用の実際,陸海空が連携した救援作戦,（準備中）このカードは現在作成中です。,3級-軍事と戦略
CMD23,組織と指揮系統,東日本大震災・統合運用の実際,災害派遣が教えてくれたこと,（準備中）このカードは現在作成中です。,3級-軍事と戦略
TRN01,訓練と日常生活,日常訓練,自衛官の体力基準——トップアスリートと同レベル,（準備中）このカードは現在作成中です。,3級-軍事と戦略
TRN02,訓練と日常生活,日常訓練,射撃訓練——兵科によってこれだけ違う,（準備中）このカードは現在作成中です。,3級-軍事と戦略
TRN11,訓練と日常生活,組織的・国際的訓練,部隊演習という「擬似実戦」,（準備中）このカードは現在作成中です。,3級-軍事と戦略
TRN12,訓練と日常生活,組織的・国際的訓練,"キーン・ソード——45,000人が動く日米共同演習",（準備中）このカードは現在作成中です。,3級-軍事と戦略
TRN13,訓練と日常生活,組織的・国際的訓練,演習が変えるもの——訓練と実戦の間,（準備中）このカードは現在作成中です。,3級-軍事と戦略
LIFE01,訓練と日常生活,隊員の日常生活,自衛隊の一日——6時起床から22時消灯まで,（準備中）このカードは現在作成中です。,3級-軍事と戦略
LIFE02,訓練と日常生活,隊員の日常生活,海自カレーと空自空上げ——食から見る自衛隊,（準備中）このカードは現在作成中です。,3級-軍事と戦略
LIFE03,訓練と日常生活,隊員の日常生活,個室化と制服のアイロン——変わる自衛隊の日常,（準備中）このカードは現在作成中です。,3級-軍事と戦略
EQU01,戦士と実戦,戦場の現実,ノルマンディ——あの扉が開いた瞬間,（準備中）このカードは現在作成中です。,3級-軍事と戦略
EQU02,戦士と実戦,戦場の現実,ベトナム——見えない敵との戦い,（準備中）このカードは現在作成中です。,3級-軍事と戦略
EQU03,戦士と実戦,戦場の現実,アフガン——最強軍隊が勝てなかった戦争,（準備中）このカードは現在作成中です。,3級-軍事と戦略
SUP01,戦士と実戦,PKO・災害派遣,イラク派兵——戦士として初めて立った地,（準備中）このカードは現在作成中です。,3級-軍事と戦略
SUP02,戦士と実戦,PKO・災害派遣,東日本大震災——現場の隊員が見たもの,（準備中）このカードは現在作成中です。,3級-軍事と戦略
SUP03,戦士と実戦,PKO・災害派遣,南スーダンPKO——銃声の中の人道支援,（準備中）このカードは現在作成中です。,3級-軍事と戦略
WAR01,戦士と実戦,訓練と覚悟,訓練は何のためにあるか,（準備中）このカードは現在作成中です。,3級-軍事と戦略
WAR02,戦士と実戦,訓練と覚悟,志願——なぜ前線に行くのか,（準備中）このカードは現在作成中です。,3級-軍事と戦略
WAR03,戦士と実戦,訓練と覚悟,使命感——自衛官が持つもの,（準備中）このカードは現在作成中です。,3級-軍事と戦略
JPNDF01,日本周辺の軍事情勢,概論,なぜ日本周辺は緊張するのか——地政学的宿命,（準備中）このカードは現在作成中です。,3級-軍事と戦略
JPNDF02,日本周辺の軍事情勢,概論,抑止力とは何か——日本の安全を支える論理,（準備中）このカードは現在作成中です。,3級-軍事と戦略
JPNDF11,日本周辺の軍事情勢,中国,中国の海洋進出——なぜ海に出るのか,（準備中）このカードは現在作成中です。,3級-軍事と戦略
JPNDF12,日本周辺の軍事情勢,中国,台湾・尖閣問題の構造,（準備中）このカードは現在作成中です。,3級-軍事と戦略
JPNDF21,日本周辺の軍事情勢,北朝鮮・ロシア,北朝鮮はなぜミサイルを撃つのか,（準備中）このカードは現在作成中です。,3級-軍事と戦略
JPNDF22,日本周辺の軍事情勢,北朝鮮・ロシア,ロシアと日本——変わらない地政学,（準備中）このカードは現在作成中です。,3級-軍事と戦略
WLDDF01,世界の軍事情勢,概論,世界の軍事バランスを決めるもの,（準備中）このカードは現在作成中です。,3級-軍事と戦略
WLDDF02,世界の軍事情勢,概論,軍事費が示す国家の意志,（準備中）このカードは現在作成中です。,3級-軍事と戦略
WLDDF11,世界の軍事情勢,ウクライナ・欧州,ウクライナ戦争が変えた世界の安全保障の常識,（準備中）このカードは現在作成中です。,3級-軍事と戦略
WLDDF12,世界の軍事情勢,ウクライナ・欧州,欧州の安全保障——NATOという仕組み,（準備中）このカードは現在作成中です。,3級-軍事と戦略
WLDDF21,世界の軍事情勢,中東・インド太平洋,中東——なぜ終わらないのか,（準備中）このカードは現在作成中です。,3級-軍事と戦略
WLDDF22,世界の軍事情勢,中東・インド太平洋,インド太平洋という新しい概念,（準備中）このカードは現在作成中です。,3級-軍事と戦略
ARM01,自衛隊の武器・兵器（マニア枠）,陸自装備,10式戦車——日本最新鋭の主力戦車,（準備中）このカードは現在作成中です。,3級-軍事と戦略
ARM02,自衛隊の武器・兵器（マニア枠）,陸自装備,装甲車両——機動力の核心,（準備中）このカードは現在作成中です。,3級-軍事と戦略
ARM03,自衛隊の武器・兵器（マニア枠）,陸自装備,火砲と自走砲——陸の長距離打撃力,（準備中）このカードは現在作成中です。,3級-軍事と戦略
ARM04,自衛隊の武器・兵器（マニア枠）,陸自装備,陸自の航空戦力——ヘリと無人機,（準備中）このカードは現在作成中です。,3級-軍事と戦略
ARM05,自衛隊の武器・兵器（マニア枠）,陸自装備,地対艦・地対空ミサイル——島を守る壁,（準備中）このカードは現在作成中です。,3級-軍事と戦略
ARM21,自衛隊の武器・兵器（マニア枠）,海自装備,イージス艦——海の盾,（準備中）このカードは現在作成中です。,3級-軍事と戦略
ARM22,自衛隊の武器・兵器（マニア枠）,海自装備,いずも型護衛艦——空母化への道,（準備中）このカードは現在作成中です。,3級-軍事と戦略
ARM23,自衛隊の武器・兵器（マニア枠）,海自装備,潜水艦——海中の忍者,（準備中）このカードは現在作成中です。,3級-軍事と戦略
ARM24,自衛隊の武器・兵器（マニア枠）,海自装備,哨戒機——空から海を守る,（準備中）このカードは現在作成中です。,3級-軍事と戦略
ARM25,自衛隊の武器・兵器（マニア枠）,海自装備,艦対空・艦対艦ミサイル——海からの打撃力,（準備中）このカードは現在作成中です。,3級-軍事と戦略
ARM41,自衛隊の武器・兵器（マニア枠）,空自装備,ステルス戦闘機——F-35の実力,（準備中）このカードは現在作成中です。,3級-軍事と戦略
ARM42,自衛隊の武器・兵器（マニア枠）,空自装備,主力戦闘機——F-15とF-2,（準備中）このカードは現在作成中です。,3級-軍事と戦略
ARM43,自衛隊の武器・兵器（マニア枠）,空自装備,早期警戒機——空の目,（準備中）このカードは現在作成中です。,3級-軍事と戦略
ARM44,自衛隊の武器・兵器（マニア枠）,空自装備,C-2輸送機——空の兵站を担う国産輸送機,（準備中）このカードは現在作成中です。,3級-軍事と戦略
ARM45,自衛隊の武器・兵器（マニア枠）,空自装備,空対空・空対艦ミサイル——戦闘機の牙,（準備中）このカードは現在作成中です。,3級-軍事と戦略
ARM46,自衛隊の武器・兵器（マニア枠）,空自装備,弾道ミサイル防衛——多層の盾,（準備中）このカードは現在作成中です。,3級-軍事と戦略
SUMC01,シュメール・都市国家誕生,,→なぜ雨の降らない土地で文明が？,（準備中）このカードは現在作成中です。,3級-国家と法律
SUMF02,シュメール・都市国家誕生,,支配者は神官から王へ,（準備中）このカードは現在作成中です。,3級-国家と法律
SUMC02,シュメール・都市国家誕生,,→なぜ人は集まったか——余剰と分業,（準備中）このカードは現在作成中です。,3級-国家と法律
SUMF03,シュメール・都市国家誕生,,粘土板に刻まれた「契約」,（準備中）このカードは現在作成中です。,3級-国家と法律
SUMC03,シュメール・都市国家誕生,,→文字はなぜ生まれたか——帳簿が先だった,（準備中）このカードは現在作成中です。,3級-国家と法律
SUMF04,シュメール・都市国家誕生,,王が定めた「法」,（準備中）このカードは現在作成中です。,3級-国家と法律
SUMC04,シュメール・都市国家誕生,,→王はなぜ偉くなれたか——神官から軍事リーダーへ,（準備中）このカードは現在作成中です。,3級-国家と法律
SUMF05,シュメール・都市国家誕生,,メソポタミアは、ここから始まった,（準備中）このカードは現在作成中です。,3級-国家と法律
SUMC05,シュメール・都市国家誕生,,→そもそも国家とは何か——赤の他人が群れる仕組み,（準備中）このカードは現在作成中です。,3級-国家と法律
SUMC06,シュメール・都市国家誕生,,→この仕組みがボード各地で何度も生まれた,（準備中）このカードは現在作成中です。,3級-国家と法律
HNRF01,漢とローマ——東西の二大帝国,,漢とローマ——二つの大帝国,（準備中）このカードは現在作成中です。,3級-国家と法律
HNRC01,漢とローマ——東西の二大帝国,,→帝国とは人材登用システムである,（準備中）このカードは現在作成中です。,3級-国家と法律
HNRF02,漢とローマ——東西の二大帝国,,ローマ——法と道の帝国,（準備中）このカードは現在作成中です。,3級-国家と法律
HNRC02,漢とローマ——東西の二大帝国,,→なぜ遊牧民は強かったか——騎馬という最強技術,（準備中）このカードは現在作成中です。,3級-国家と法律
HNRF03,漢とローマ——東西の二大帝国,,漢——文字と役人の帝国,（準備中）このカードは現在作成中です。,3級-国家と法律
HNRC03,漢とローマ——東西の二大帝国,,→面を治めるとは——戸籍・国勢調査の誕生,（準備中）このカードは現在作成中です。,3級-国家と法律
HNRF04,漢とローマ——東西の二大帝国,,遊牧民——もう一つの主役,（準備中）このカードは現在作成中です。,3級-国家と法律
HNRC04,漢とローマ——東西の二大帝国,,→シルクロード——東西をつなぐ線と中間の主役,（準備中）このカードは現在作成中です。,3級-国家と法律
HNRF05,漢とローマ——東西の二大帝国,,日本建国——やまとの国,（準備中）このカードは現在作成中です。,3級-国家と法律
HNRC05,漢とローマ——東西の二大帝国,,→【日本】やまとの国はいつ始まったか,（準備中）このカードは現在作成中です。,3級-国家と法律
HNRC06,漢とローマ——東西の二大帝国,,→【日本】記紀と物証の符合,（準備中）このカードは現在作成中です。,3級-国家と法律
HNRC07,漢とローマ——東西の二大帝国,,→帝国が広がり、縮んでいく理由,（準備中）このカードは現在作成中です。,3級-国家と法律
ISLF01,イスラム大帝国の興隆と唐,,イスラム帝国——神の法が束ねる,（準備中）このカードは現在作成中です。,3級-国家と法律
ISLC01,イスラム大帝国の興隆と唐,,→束ね方の比較——神の法・律令・取り入れ・教会,（準備中）このカードは現在作成中です。,3級-国家と法律
ISLF02,イスラム大帝国の興隆と唐,,唐——律令が束ねる帝国,（準備中）このカードは現在作成中です。,3級-国家と法律
ISLC02,イスラム大帝国の興隆と唐,,→「中くらいの層」の4地域比較,（準備中）このカードは現在作成中です。,3級-国家と法律
ISLF03,イスラム大帝国の興隆と唐,,日本——律令を取り入れる,（準備中）このカードは現在作成中です。,3級-国家と法律
ISLC03,イスラム大帝国の興隆と唐,,→【日本】律令を取り入れたが肝はすぐ棚上げ,（準備中）このカードは現在作成中です。,3級-国家と法律
ISLF04,イスラム大帝国の興隆と唐,,ヨーロッパ——まだ「村」の時代,（準備中）このカードは現在作成中です。,3級-国家と法律
ISLC04,イスラム大帝国の興隆と唐,,→タラス河畔の戦い——東西文明圏の境界と紙の西伝,（準備中）このカードは現在作成中です。,3級-国家と法律
ISLC05,イスラム大帝国の興隆と唐,,→食と人口が国家の規模を決める,（準備中）このカードは現在作成中です。,3級-国家と法律
MNGF01,モンゴル台風の極大,,モンゴル——史上最大の帝国,（準備中）このカードは現在作成中です。,3級-国家と法律
MNGC01,モンゴル台風の極大,,→モンゴルはなぜ強かったか——組織化と技術吸収,（準備中）このカードは現在作成中です。,3級-国家と法律
MNGF02,モンゴル台風の極大,,モンゴル——巨大帝国の統治術,（準備中）このカードは現在作成中です。,3級-国家と法律
MNGC02,モンゴル台風の極大,,→ロシアの変質——タタールのくびきと専制の起源,（準備中）このカードは現在作成中です。,3級-国家と法律
MNGF03,モンゴル台風の極大,,ヨーロッパ——距離が阻んだ侵攻,（準備中）このカードは現在作成中です。,3級-国家と法律
MNGC03,モンゴル台風の極大,,→生態史観の極限——D・遊牧民がA・B・Cを飲み込んだ,（準備中）このカードは現在作成中です。,3級-国家と法律
MNGF04,モンゴル台風の極大,,元寇——日本に及んだ台風の実態,（準備中）このカードは現在作成中です。,3級-国家と法律
MNGC04,モンゴル台風の極大,,→【日本/元寇】神風通説の解体,（準備中）このカードは現在作成中です。,3級-国家と法律
GNPF01,火器が覇者を変えた,,火器——騎馬の時代の終わり,（準備中）このカードは現在作成中です。,3級-国家と法律
GNPC01,火器が覇者を変えた,,→火器の改良史——点火機構の進歩が集団戦を変えた,（準備中）このカードは現在作成中です。,3級-国家と法律
GNPF02,火器が覇者を変えた,,清とオスマン——火器が生んだ巨大帝国,（準備中）このカードは現在作成中です。,3級-国家と法律
GNPC02,火器が覇者を変えた,,→なぜ火器が遊牧民を終わらせたか,（準備中）このカードは現在作成中です。,3級-国家と法律
GNPF03,火器が覇者を変えた,,ヨーロッパ——戦争が磨いた技術,（準備中）このカードは現在作成中です。,3級-国家と法律
GNPC03,火器が覇者を変えた,,→大砲の経済学——中央集権の誕生,（準備中）このカードは現在作成中です。,3級-国家と法律
GNPF04,火器が覇者を変えた,,鉄砲伝来——戦国を終わらせた新兵器,（準備中）このカードは現在作成中です。,3級-国家と法律
GNPC04,火器が覇者を変えた,,→火薬帝国の「最後の輝き」と大分岐の伏線,（準備中）このカードは現在作成中です。,3級-国家と法律
GNPC05,火器が覇者を変えた,,→【日本】鉄砲伝来と天下統一,（準備中）このカードは現在作成中です。,3級-国家と法律
VOYF01,大航海時代——海からの挑戦者,,航海術——大洋を越えた技術,（準備中）このカードは現在作成中です。,3級-国家と法律
VOYC01,大航海時代——海からの挑戦者,,→航海術の進歩史——羅針盤・帆船・計器の組み合わせ,（準備中）このカードは現在作成中です。,3級-国家と法律
VOYF02,大航海時代——海からの挑戦者,,ポルトガルとスペイン——世界を二分した先発者,（準備中）このカードは現在作成中です。,3級-国家と法律
VOYC02,大航海時代——海からの挑戦者,,→後発逆転のwhy——会社・資本の仕組みが決めた,（準備中）このカードは現在作成中です。,3級-国家と法律
VOYF03,大航海時代——海からの挑戦者,,オランダとイギリス——海洋を制した「会社」,（準備中）このカードは現在作成中です。,3級-国家と法律
VOYC03,大航海時代——海からの挑戦者,,→私的暴力の国家によるorganize——海賊から海軍へ,（準備中）このカードは現在作成中です。,3級-国家と法律
VOYF04,大航海時代——海からの挑戦者,,日本にもあった大航海時代,（準備中）このカードは現在作成中です。,3級-国家と法律
VOYC04,大航海時代——海からの挑戦者,,→海をめぐる法の誕生——グロティウスと国際公法,（準備中）このカードは現在作成中です。,3級-国家と法律
VOYC05,大航海時代——海からの挑戦者,,→世界の一体化とその影——コロンブス交換と奴隷貿易,（準備中）このカードは現在作成中です。,3級-国家と法律
VOYC06,大航海時代——海からの挑戦者,,→【日本】住吉船——取り入れる国の象徴,（準備中）このカードは現在作成中です。,3級-国家と法律
INDF01,産業革命と主権国家の誕生,,ウェストファリア条約——主権国家体制への第一歩,（準備中）このカードは現在作成中です。,3級-国家と法律
INDC01,産業革命と主権国家の誕生,,→三十年戦争とは何だったか,（準備中）このカードは現在作成中です。,3級-国家と法律
INDF02,産業革命と主権国家の誕生,,フランス革命とナポレオン——国民国家の成立,（準備中）このカードは現在作成中です。,3級-国家と法律
INDC02,産業革命と主権国家の誕生,,→ウェストファリアで何が変わったか,（準備中）このカードは現在作成中です。,3級-国家と法律
INDF03,産業革命と主権国家の誕生,,植民地——「牧場経営」の進展,（準備中）このカードは現在作成中です。,3級-国家と法律
INDC03,産業革命と主権国家の誕生,,→国民国家とは何か——内に人権、外に侵略,（準備中）このカードは現在作成中です。,3級-国家と法律
INDF04,産業革命と主権国家の誕生,,蒸気船と鉄道——世界を縮めた輸送革命,（準備中）このカードは現在作成中です。,3級-国家と法律
INDC04,産業革命と主権国家の誕生,,→主権が国民へ移る三つの道——英・米・仏,（準備中）このカードは現在作成中です。,3級-国家と法律
INDF05,産業革命と主権国家の誕生,,明治維新と大日本帝国憲法の成立,（準備中）このカードは現在作成中です。,3級-国家と法律
INDC05,産業革命と主権国家の誕生,,→近代法の誕生——ナポレオン法典と法の前の平等,（準備中）このカードは現在作成中です。,3級-国家と法律
INDC06,産業革命と主権国家の誕生,,→なぜCが逆転したか——大分岐の回収,（準備中）このカードは現在作成中です。,3級-国家と法律
INDC07,産業革命と主権国家の誕生,,→【日本】明治維新——主権国家・国民国家への作り直し,（準備中）このカードは現在作成中です。,3級-国家と法律
IMPF01,帝国主義の時代,,大英帝国——その絶頂と陰り,（準備中）このカードは現在作成中です。,3級-国家と法律
IMPC01,帝国主義の時代,,→大英帝国の繁栄の正体と影,（準備中）このカードは現在作成中です。,3級-国家と法律
IMPF02,帝国主義の時代,,グレートゲーム——英露、中央アジアの角逐,（準備中）このカードは現在作成中です。,3級-国家と法律
IMPC02,帝国主義の時代,,→大英帝国のピークアウト,（準備中）このカードは現在作成中です。,3級-国家と法律
IMPF03,帝国主義の時代,,ドイツとアメリカ——後発の挑戦者,（準備中）このカードは現在作成中です。,3級-国家と法律
IMPC03,帝国主義の時代,,→アフリカ分割——白人クラブの破廉恥パーティ,（準備中）このカードは現在作成中です。,3級-国家と法律
IMPF04,帝国主義の時代,,世界史の中の日露戦争と条約改正,（準備中）このカードは現在作成中です。,3級-国家と法律
IMPC04,帝国主義の時代,,→国際法の文明国基準——力こそ正義,（準備中）このカードは現在作成中です。,3級-国家と法律
IMPF05,帝国主義の時代,,第一次世界大戦——帝国主義の爆発,（準備中）このカードは現在作成中です。,3級-国家と法律
IMPC05,帝国主義の時代,,→アメリカの19世紀——静かな台頭,（準備中）このカードは現在作成中です。,3級-国家と法律
IMPC06,帝国主義の時代,,→【日本】日本だけが工業化できたのはなぜか,（準備中）このカードは現在作成中です。,3級-国家と法律
IMPC07,帝国主義の時代,,→第一次大戦と古い帝国の消滅,（準備中）このカードは現在作成中です。,3級-国家と法律
WWRF01,世界大戦と主権国家体制の完成,,戦間期——持てる国と持たざる国,（準備中）このカードは現在作成中です。,3級-国家と法律
WWRC01,世界大戦と主権国家体制の完成,,→戦間期——法による秩序の最初の失敗作,（準備中）このカードは現在作成中です。,3級-国家と法律
WWRF02,世界大戦と主権国家体制の完成,,第二次世界大戦——史上最大の戦争,（準備中）このカードは現在作成中です。,3級-国家と法律
WWRC02,世界大戦と主権国家体制の完成,,→不戦条約——最初の戦争違法化とその限界,（準備中）このカードは現在作成中です。,3級-国家と法律
WWRF03,世界大戦と主権国家体制の完成,,日本の敗戦——三度目の大変革,（準備中）このカードは現在作成中です。,3級-国家と法律
WWRC03,世界大戦と主権国家体制の完成,,→戦後体制は設計された——誰が、いつ、どこで,（準備中）このカードは現在作成中です。,3級-国家と法律
WWRF04,世界大戦と主権国家体制の完成,,戦後体制と国際連合の構築,（準備中）このカードは現在作成中です。,3級-国家と法律
WWRC04,世界大戦と主権国家体制の完成,,→植民地独立の世界史的意義,（準備中）このカードは現在作成中です。,3級-国家と法律
WWRF05,世界大戦と主権国家体制の完成,,植民地独立——主権国家体制の完成,（準備中）このカードは現在作成中です。,3級-国家と法律
WWRC05,世界大戦と主権国家体制の完成,,→【日本①】三度の作り直し——奈良朝・明治・敗戦後,（準備中）このカードは現在作成中です。,3級-国家と法律
WWRC06,世界大戦と主権国家体制の完成,,→【日本②】取り入れたら変えられない——ボトムアップの癖,（準備中）このカードは現在作成中です。,3級-国家と法律
WWRC07,世界大戦と主権国家体制の完成,,→完成はゴールか、新たな問いの始まりか,（準備中）このカードは現在作成中です。,3級-国家と法律
SEK01,関ヶ原の戦い,,概容——天下分け目の10時間,（準備中）このカードは現在作成中です。,3級-戦争の歴史
SEK02,関ヶ原の戦い,,起——秀吉の死と天下の空白,（準備中）このカードは現在作成中です。,3級-戦争の歴史
SEK03,関ヶ原の戦い,,承——西軍と東軍、二つの天下,（準備中）このカードは現在作成中です。,3級-戦争の歴史
SEK04,関ヶ原の戦い,,転——小早川秀秋の裏切り,（準備中）このカードは現在作成中です。,3級-戦争の歴史
SEK05,関ヶ原の戦い,,結——6時間で決まった天下,（準備中）このカードは現在作成中です。,3級-戦争の歴史
SEK06,関ヶ原の戦い,,まとめ——決断と裏切りが変えた歴史,（準備中）このカードは現在作成中です。,3級-戦争の歴史
KNK01,川中島の戦い,,概容——信玄と謙信、5度の激突,（準備中）このカードは現在作成中です。,3級-戦争の歴史
KNK02,川中島の戦い,,起——甲斐の虎と越後の龍,（準備中）このカードは現在作成中です。,3級-戦争の歴史
KNK03,川中島の戦い,,承——第四次川中島——最大の激突,（準備中）このカードは現在作成中です。,3級-戦争の歴史
KNK04,川中島の戦い,,転——「きつつき戦法」と謙信の奇襲,（準備中）このカードは現在作成中です。,3級-戦争の歴史
KNK05,川中島の戦い,,結——引き分けが続いた理由,（準備中）このカードは現在作成中です。,3級-戦争の歴史
KNK06,川中島の戦い,,まとめ——なぜ決着がつかなかったのか,（準備中）このカードは現在作成中です。,3級-戦争の歴史
SAT01,薩英戦争,,概容——近代艦隊と攘夷志士の激突,（準備中）このカードは現在作成中です。,3級-戦争の歴史
SAT02,薩英戦争,,起——生麦事件と開戦の経緯,（準備中）このカードは現在作成中です。,3級-戦争の歴史
SAT03,薩英戦争,,承——英国艦隊、鹿児島に現れる,（準備中）このカードは現在作成中です。,3級-戦争の歴史
SAT04,薩英戦争,,転——薩摩の反撃と英艦の損害,（準備中）このカードは現在作成中です。,3級-戦争の歴史
SAT05,薩英戦争,,結——薩摩が学んだこと,（準備中）このカードは現在作成中です。,3級-戦争の歴史
SAT06,薩英戦争,,まとめ——攘夷から倒幕・維新へ,（準備中）このカードは現在作成中です。,3級-戦争の歴史
NKK01,日本海海戦,,概容——世界史上最大の艦隊決戦,（準備中）このカードは現在作成中です。,3級-戦争の歴史
NKK02,日本海海戦,,起——バルチック艦隊の7ヶ月の航海,（準備中）このカードは現在作成中です。,3級-戦争の歴史
NKK03,日本海海戦,,承——東郷ターンと「T字戦法」,（準備中）このカードは現在作成中です。,3級-戦争の歴史
NKK04,日本海海戦,,転——バルチック艦隊、壊滅へ,（準備中）このカードは現在作成中です。,3級-戦争の歴史
NKK05,日本海海戦,,結——日露講和とポーツマス条約,（準備中）このカードは現在作成中です。,3級-戦争の歴史
NKK06,日本海海戦,,まとめ——日本海海戦が証明したこと,（準備中）このカードは現在作成中です。,3級-戦争の歴史
SGP01,シンガポール攻略,,概容——難攻不落の要塞が3日で陥落,（準備中）このカードは現在作成中です。,3級-戦争の歴史
SGP02,シンガポール攻略,,起——マレー半島上陸,（準備中）このカードは現在作成中です。,3級-戦争の歴史
SGP03,シンガポール攻略,,承——自転車部隊の電撃戦,（準備中）このカードは現在作成中です。,3級-戦争の歴史
SGP04,シンガポール攻略,,転——要塞の弱点——砲台は海を向いていた,（準備中）このカードは現在作成中です。,3級-戦争の歴史
SGP05,シンガポール攻略,,結——開戦70日で陥落,（準備中）このカードは現在作成中です。,3級-戦争の歴史
SGP06,シンガポール攻略,,まとめ——勝利が生んだ過信,（準備中）このカードは現在作成中です。,3級-戦争の歴史
MID01,ミッドウェー海戦,,概容——太平洋の転換点,（準備中）このカードは現在作成中です。,3級-戦争の歴史
MID02,ミッドウェー海戦,,起——日本軍の目的と「AF」暗号解読,（準備中）このカードは現在作成中です。,3級-戦争の歴史
MID03,ミッドウェー海戦,,承——第一波攻撃と「運命の5分間」,（準備中）このカードは現在作成中です。,3級-戦争の歴史
MID04,ミッドウェー海戦,,転——空母4隻、一日で喪失,（準備中）このカードは現在作成中です。,3級-戦争の歴史
MID05,ミッドウェー海戦,,結——失われた熟練パイロット,（準備中）このカードは現在作成中です。,3級-戦争の歴史
MID06,ミッドウェー海戦,,まとめ——なぜ日本は負けたのか,（準備中）このカードは現在作成中です。,3級-戦争の歴史
CNN01,カンナエの戦い,,概容——完全包囲殲滅の古典,（準備中）このカードは現在作成中です。,3級-戦争の歴史
CNN02,カンナエの戦い,,起——ハンニバルとローマの対立,（準備中）このカードは現在作成中です。,3級-戦争の歴史
CNN03,カンナエの戦い,,承——数で劣るカルタゴの布陣,（準備中）このカードは現在作成中です。,3級-戦争の歴史
CNN04,カンナエの戦い,,転——中央を退かせ、両翼で包む,（準備中）このカードは現在作成中です。,3級-戦争の歴史
CNN05,カンナエの戦い,,結——7万ローマ兵が半日で壊滅,（準備中）このカードは現在作成中です。,3級-戦争の歴史
CNN06,カンナエの戦い,,まとめ——カンナエが軍事思想に与えた影響,（準備中）このカードは現在作成中です。,3級-戦争の歴史
CTN01,コンスタンティノープル陥落,,概容——1000年の帝国、大砲で崩れる,（準備中）このカードは現在作成中です。,3級-戦争の歴史
CTN02,コンスタンティノープル陥落,,起——ビザンツ帝国の黄昏,（準備中）このカードは現在作成中です。,3級-戦争の歴史
CTN03,コンスタンティノープル陥落,,承——ウルバン砲——時代を変えた兵器,（準備中）このカードは現在作成中です。,3級-戦争の歴史
CTN04,コンスタンティノープル陥落,,転——陸と海からの総攻撃,（準備中）このカードは現在作成中です。,3級-戦争の歴史
CTN05,コンスタンティノープル陥落,,結——1453年5月29日の陥落,（準備中）このカードは現在作成中です。,3級-戦争の歴史
CTN06,コンスタンティノープル陥落,,まとめ——中世の終わりと近世の始まり,（準備中）このカードは現在作成中です。,3級-戦争の歴史
ARMD01,アルマダの海戦,,概容——無敵艦隊の敗北,（準備中）このカードは現在作成中です。,3級-戦争の歴史
ARMD02,アルマダの海戦,,起——スペインvsイングランドの覇権争い,（準備中）このカードは現在作成中です。,3級-戦争の歴史
ARMD03,アルマダの海戦,,承——130隻の無敵艦隊、海峡へ,（準備中）このカードは現在作成中です。,3級-戦争の歴史
ARMD04,アルマダの海戦,,転——「火船」作戦と嵐,（準備中）このカードは現在作成中です。,3級-戦争の歴史
ARMD05,アルマダの海戦,,結——スペインの覇権、陰り始める,（準備中）このカードは現在作成中です。,3級-戦争の歴史
ARMD06,アルマダの海戦,,まとめ——海洋覇権の移り変わり,（準備中）このカードは現在作成中です。,3級-戦争の歴史
WTR01,ワーテルローの戦い,,概容——ナポレオン最後の戦い,（準備中）このカードは現在作成中です。,3級-戦争の歴史
WTR02,ワーテルローの戦い,,起——百日天下とヨーロッパの反応,（準備中）このカードは現在作成中です。,3級-戦争の歴史
WTR03,ワーテルローの戦い,,承——6月18日、ウーグモンの戦い,（準備中）このカードは現在作成中です。,3級-戦争の歴史
WTR04,ワーテルローの戦い,,転——プロイセン軍の到着,（準備中）このカードは現在作成中です。,3級-戦争の歴史
WTR05,ワーテルローの戦い,,結——近衛兵の崩壊,（準備中）このカードは現在作成中です。,3級-戦争の歴史
WTR06,ワーテルローの戦い,,まとめ——なぜナポレオンは負けたのか,（準備中）このカードは現在作成中です。,3級-戦争の歴史
NRM01,ノルマンディ上陸作戦,,概容——史上最大の上陸作戦,（準備中）このカードは現在作成中です。,3級-戦争の歴史
NRM02,ノルマンディ上陸作戦,,起——欺瞞作戦フォーティテュード——「いつ、どこへ」,（準備中）このカードは現在作成中です。,3級-戦争の歴史
NRM03,ノルマンディ上陸作戦,,承——D-Day——夜明け前の空挺と艦砲射撃,（準備中）このカードは現在作成中です。,3級-戦争の歴史
NRM04,ノルマンディ上陸作戦,,転——オマハの浜——もっとも激しい抵抗,（準備中）このカードは現在作成中です。,3級-戦争の歴史
NRM05,ノルマンディ上陸作戦,,結——橋頭堡の確保とパリ解放へ,（準備中）このカードは現在作成中です。,3級-戦争の歴史
NRM06,ノルマンディ上陸作戦,,まとめ——兵站・欺瞞・制空権の三位一体,（準備中）このカードは現在作成中です。,3級-戦争の歴史
STG01,スターリングラード攻防戦,,概容——史上最大の市街戦,（準備中）このカードは現在作成中です。,3級-戦争の歴史
STG02,スターリングラード攻防戦,,起——ヒトラーの夏季攻勢とヴォルガへの執着,（準備中）このカードは現在作成中です。,3級-戦争の歴史
STG03,スターリングラード攻防戦,,承——「ラット戦争」——一棟一室の争奪,（準備中）このカードは現在作成中です。,3級-戦争の歴史
STG04,スターリングラード攻防戦,,転——ウラヌス作戦——冬将軍と包囲,（準備中）このカードは現在作成中です。,3級-戦争の歴史
STG05,スターリングラード攻防戦,,結——第6軍25万人が降伏,（準備中）このカードは現在作成中です。,3級-戦争の歴史
STG06,スターリングラード攻防戦,,まとめ——東部戦線の転換点,（準備中）このカードは現在作成中です。,3級-戦争の歴史
BOB01,バトル・オブ・ブリテン,,概容——初めて空だけで決まった戦い,（準備中）このカードは現在作成中です。,3級-戦争の歴史
BOB02,バトル・オブ・ブリテン,,起——ダンケルクの後、英国は孤立した,（準備中）このカードは現在作成中です。,3級-戦争の歴史
BOB03,バトル・オブ・ブリテン,,承——ルフトワッフェと王立空軍の攻防,（準備中）このカードは現在作成中です。,3級-戦争の歴史
BOB04,バトル・オブ・ブリテン,,転——ロンドン爆撃への転換——ドイツが失ったチャンス,（準備中）このカードは現在作成中です。,3級-戦争の歴史
BOB05,バトル・オブ・ブリテン,,結——シーライオン作戦の中止,（準備中）このカードは現在作成中です。,3級-戦争の歴史
BOB06,バトル・オブ・ブリテン,,まとめ——レーダーと少数精鋭が変えた勝敗,（準備中）このカードは現在作成中です。,3級-戦争の歴史
GUL01,湾岸戦争,,概容——現代戦の姿を変えた100時間,（準備中）このカードは現在作成中です。,3級-戦争の歴史
GUL02,湾岸戦争,,起——クウェート侵攻と国連決議,（準備中）このカードは現在作成中です。,3級-戦争の歴史
GUL03,湾岸戦争,,承——砂漠の盾から砂漠の嵐へ——38日間の空爆,（準備中）このカードは現在作成中です。,3級-戦争の歴史
GUL04,湾岸戦争,,転——地上戦100時間——左フック作戦,（準備中）このカードは現在作成中です。,3級-戦争の歴史
GUL05,湾岸戦争,,結——完勝の後に残ったもの,（準備中）このカードは現在作成中です。,3級-戦争の歴史
GUL06,湾岸戦争,,まとめ——精密誘導兵器と非接触型戦争の時代へ,（準備中）このカードは現在作成中です。,3級-戦争の歴史